{
    "loss": 6.333977699279785,
    "accuracy": 0.542187511920929
}