{
    "loss": 28.86276626586914,
    "accuracy": 0.37187498807907104
}